 tp_id |           symbol           | direction |  entry_price   |   stop_loss    | take_profit_1  | tp_status |         activated_at          |         created_at         | has_toobit_demo_order | toobit_order_status |                     toobit_error                     | has_competition_trade | ct_id | ct_tp_id | ct_entered_at | ct_exit_reason 
-------+----------------------------+-----------+----------------+----------------+----------------+-----------+-------------------------------+----------------------------+-----------------------+---------------------+------------------------------------------------------+-----------------------+-------+----------+---------------+----------------
 15200 | ICP/USDT:USDT              | long      |     2.03200000 |     1.92300000 |     2.58400000 | open      | 2026-06-26 04:13:26.70815+02  | 2026-06-25 19:05:16.933+02 | yes                   | pending             |                                                      | no                    |       |          |               | 
 15199 | AERO/USDT:USDT             | long      |     0.41890000 |     0.39500000 |     0.53000000 | open      | 2026-06-26 04:13:26.70815+02  | 2026-06-25 18:58:12.731+02 | yes                   | cancelled           | manual: stale pending on Toobit (price fetch failed) | no                    |       |          |               | 
 15196 | VIRTUAL/USDT:USDT          | long      |     0.45800000 |     0.40130000 |     0.69120000 | open      | 2026-06-26 04:13:26.70815+02  | 2026-06-25 18:57:55.769+02 | yes                   | cancelled           | manual: stale pending on Toobit (price fetch failed) | no                    |       |          |               | 
 15197 | XRP/USDT:USDT-260626-1.7-P | long      |     1.02960000 |     0.96500000 |     1.52360000 | pending   |                               | 2026-06-25 18:57:55.73+02  | no                    |                     |                                                      | no                    |       |          |               | 
 15195 | SOL/USDT:USDT-260531-90-P  | long      |    65.87000000 |    48.58000000 |    78.41000000 | pending   |                               | 2026-06-25 18:54:36.326+02 | no                    |                     |                                                      | no                    |       |          |               | 
 15193 | NEAR/USDT:USDT             | long      |     1.68000000 |     1.53700000 |     2.04600000 | open      | 2026-06-26 04:13:26.70815+02  | 2026-06-25 18:54:32.741+02 | yes                   | cancelled           | manual: stale pending on Toobit (price fetch failed) | no                    |       |          |               | 
 15192 | ONDO/USDT:USDT             | long      |     0.30920000 |     0.27310000 |     0.37930000 | open      | 2026-06-25 19:10:00+02        | 2026-06-25 18:54:32.734+02 | yes                   | closed              |                                                      | no                    |       |          |               | 
 15190 | AAPL/USDT:USDT             | long      |   274.23000000 |   272.81000000 |   286.36000000 | closed    | 2026-06-25 18:52:38.847831+02 | 2026-06-25 18:51:49.253+02 | yes                   | cancelled           | orphan: paper position no longer pending             | no                    |       |          |               | 
 15188 | US30/USDT:USDT             | long      | 52008.30000000 | 51909.20000000 | 52207.10000000 | closed    | 2026-06-25 18:50:17.112976+02 | 2026-06-25 18:48:37.337+02 | no                    |                     |                                                      | no                    |       |          |               | 
 15186 | USO/USDT:USDT              | long      |    67.00100000 |    63.60200000 |    73.36400000 | pending   |                               | 2026-06-25 18:48:31.843+02 | no                    |                     |                                                      | no                    |       |          |               | 
 15184 | BTC/USDT:USDT              | long      | 57696.40000000 | 56500.00000000 | 61582.10000000 | open      | 2026-06-26 04:13:26.70815+02  | 2026-06-25 18:45:36.091+02 | yes                   | cancelled           | manual: stale pending on Toobit (price fetch failed) | no                    |       |          |               | 
 15139 | ETH/USDT:USDT              | long      |  1951.75000000 |  1502.39000000 |  2343.04000000 | pending   |                               | 2026-06-24 17:35:56.729+02 | no                    |                     |                                                      | no                    |       |          |               | 
 15137 | HYPE/USDT:USDT             | long      |    58.01800000 |    55.44500000 |    75.71400000 | open      | 2026-06-27 10:16:33.729378+02 | 2026-06-24 17:32:41.746+02 | no                    |                     |                                                      | no                    |       |          |               | 
 15135 | XAG/USDT:USDT              | long      |    49.83100000 |                |    68.43800000 | open      | 2026-06-24 17:32:37.339033+02 | 2026-06-24 17:32:34.065+02 | yes                   | cancelled           | manual: stale pending on Toobit (price fetch failed) | no                    |       |          |               | 
 15134 | XAU/USDT:USDT              | long      |  4007.98000000 |  3987.32000000 |  4100.00000000 | closed    | 2026-06-24 17:32:37.339033+02 | 2026-06-24 17:32:17.477+02 | no                    |                     |                                                      | no                    |       |          |               | 
 15132 | MSTR/USDT:USDT             | long      |    98.96000000 |    75.00000000 |   142.81000000 | pending   |                               | 2026-06-24 17:29:21.052+02 | no                    |                     |                                                      | no                    |       |          |               | 
 15106 | VIRTUAL/USDT:USDT          | long      |     0.55350000 |     0.53220000 |     0.61570000 | closed    | 2026-06-24 05:26:22.184432+02 | 2026-06-23 18:47:14.389+02 | no                    |                     |                                                      | no                    |       |          |               | 
 15104 | NEAR/USDT:USDT             | long      |     2.01100000 |     1.91900000 |     2.20300000 | closed    | 2026-06-24 05:26:22.184432+02 | 2026-06-23 18:46:39.035+02 | no                    |                     |                                                      | no                    |       |          |               | 
 15103 | ONDO/USDT:USDT             | long      |     0.31050000 |     0.27310000 |     0.37930000 | open      | 2026-06-23 18:49:00+02        | 2026-06-23 18:46:33.995+02 | no                    |                     |                                                      | no                    |       |          |               | 
 15102 | ETH/USDT:USDT              | long      |  1965.97000000 |  1367.61000000 |  2303.34000000 | open      | 2026-06-24 05:26:22.184432+02 | 2026-06-23 18:43:34.254+02 | no                    |                     |                                                      | no                    |       |          |               | 
 15099 | HYPE/USDT:USDT             | long      |    58.01800000 |    55.44500000 |    75.71400000 | open      | 2026-06-24 05:26:22.184432+02 | 2026-06-23 18:43:25.522+02 | no                    |                     |                                                      | no                    |       |          |               | 
 15100 | BTC/USDT:USDT              | long      | 60239.40000000 | 57695.40000000 | 69575.20000000 | open      | 2026-06-24 05:26:22.184432+02 | 2026-06-23 18:43:23.225+02 | no                    |                     |                                                      | no                    |       |          |               | 
 15098 | BTC/USDT:USDT              | long      | 62238.20000000 | 61500.00000000 | 65392.00000000 | closed    | 2026-06-23 18:38:31.45118+02  | 2026-06-23 18:37:33.084+02 | no                    |                     |                                                      | no                    |       |          |               | 
 15067 | VIRTUAL/USDT:USDT          | long      |     0.55480000 |     0.53220000 |     0.61570000 | closed    | 2026-06-23 07:43:41.45629+02  | 2026-06-22 19:02:40.315+02 | no                    |                     |                                                      | no                    |       |          |               | 
 15066 | NEAR/USDT:USDT             | long      |     1.97800000 |     1.91800000 |     2.12800000 | closed    | 2026-06-23 07:43:41.45629+02  | 2026-06-22 19:02:38.837+02 | no                    |                     |                                                      | no                    |       |          |               | 
 15063 | ETH/USDT:USDT              | long      |  1502.39000000 |  1367.61000000 |  2303.34000000 | open      | 2026-06-23 07:45:23.687592+02 | 2026-06-22 18:49:33.967+02 | no                    |                     |                                                      | no                    |       |          |               | 
 15062 | HYPE/USDT:USDT             | long      |    64.78300000 |    56.64400000 |    70.41400000 | open      | 2026-06-23 07:45:23.687592+02 | 2026-06-22 18:49:33.82+02  | no                    |                     |                                                      | no                    |       |          |               | 
 15060 | MSTR/USDT:USDT             | long      |   110.22000000 |    80.00000000 |   190.74000000 | open      | 2026-06-22 18:47:00+02        | 2026-06-22 18:46:18.199+02 | no                    |                     |                                                      | no                    |       |          |               | 
 14805 | NEAR/USDT:USDT             | long      |     1.84200000 |     1.78600000 |     2.08700000 | expired   |                               | 2026-06-12 15:30:41.249+02 | no                    |                     |                                                      | no                    |       |          |               | 
 14802 | HYPE/USDT:USDT             | long      |    58.30700000 |    51.41400000 |    65.00000000 | closed    | 2026-06-13 06:08:00+02        | 2026-06-12 15:26:00.837+02 | no                    |                     |                                                      | no                    |       |          |               | 
 14800 | US30/USDT:USDT             | long      | 49648.50000000 | 49548.10000000 | 51306.40000000 | expired   |                               | 2026-06-12 15:21:23.834+02 | no                    |                     |                                                      | no                    |       |          |               | 
 14781 | BONK/USDT:USDT             | long      |     0.00000436 |     0.00000390 |     0.00000594 | open      | 2026-06-12 08:34:00+02        | 2026-06-11 23:13:00.458+02 | no                    |                     |                                                      | no                    |       |          |               | 
 14777 | QQQ/USDT:USDT              | long      | 28400.00000000 | 27898.10000000 | 29200.00000000 | expired   |                               | 2026-06-11 18:37:09.128+02 | no                    |                     |                                                      | no                    |       |          |               | 
 14776 | BTC/USDT:USDT              | short     | 64250.00000000 | 64950.00000000 | 61827.00000000 | closed    | 2026-06-12 17:11:00+02        | 2026-06-11 18:34:14.656+02 | no                    |                     |                                                      | no                    |       |          |               | 
 14738 | AR/USDT:USDT               | short     |     2.17000000 |     2.35000000 |     1.80000000 | expired   |                               | 2026-06-11 00:02:58.756+02 | no                    |                     |                                                      | no                    |       |          |               | 
 14736 | TON/USDT:USDT              | long      |     1.53190000 |     1.45000000 |     1.78360000 | expired   |                               | 2026-06-11 00:02:52.907+02 | no                    |                     |                                                      | no                    |       |          |               | 
 14733 | NEAR/USDT:USDT             | long      |     2.01200000 |     1.89000000 |     2.22000000 | closed    | 2026-06-11 03:41:00+02        | 2026-06-11 00:00:04.46+02  | no                    |                     |                                                      | no                    |       |          |               | 
 14734 | ONDO/USDT:USDT             | long      |     0.34380000 |     0.34080000 |     0.37590000 | closed    | 2026-06-11 05:45:00+02        | 2026-06-11 00:00:02.898+02 | no                    |                     |                                                      | no                    |       |          |               | 
 14731 | STR/USDT                   | long      |   118.82000000 |    95.00000000 |   155.24000000 | cancelled |                               | 2026-06-10 23:59:43.092+02 | no                    |                     |                                                      | no                    |       |          |               | 
 14718 | PUMP/USDT:USDT             | short     |     0.00181400 |     0.00184300 |     0.00165000 | expired   |                               | 2026-06-10 23:30:31.816+02 | no                    |                     |                                                      | no                    |       |          |               | 
 14717 | VIRTUAL/USDT:USDT          | long      |     0.57090000 |     0.56400000 |     0.59500000 | closed    | 2026-06-11 06:51:00+02        | 2026-06-10 23:28:01.914+02 | no                    |                     |                                                      | no                    |       |          |               | 
 14716 | TON/USDT:USDT              | short     |     1.78350000 |     1.94950000 |     1.50220000 | open      | 2026-06-14 16:09:00+02        | 2026-06-10 23:27:56.959+02 | no                    |                     |                                                      | no                    |       |          |               | 
 14715 | WLD/USDT:USDT              | long      |     0.42320000 |     0.40650000 |     0.49100000 | expired   |                               | 2026-06-10 23:27:38.462+02 | no                    |                     |                                                      | no                    |       |          |               | 
 14713 | SOLBTC/USDT                | long      |     0.00108940 |     0.00098000 |     0.00129310 | cancelled |                               | 2026-06-10 23:25:19.822+02 | no                    |                     |                                                      | no                    |       |          |               | 
 14714 | US30/USDT:USDT             | long      | 50850.00000000 | 50550.00000000 | 51800.00000000 | closed    | 2026-06-11 21:25:00+02        | 2026-06-10 23:25:16.591+02 | no                    |                     |                                                      | no                    |       |          |               | 
 14712 | WSTR/USDT                  | long      |   127.67000000 |   100.00000000 |   202.93000000 | cancelled |                               | 2026-06-10 23:24:45.967+02 | no                    |                     |                                                      | no                    |       |          |               | 
 14711 | STRCL/USDT                 | short     |    95.50000000 |    99.44000000 |    93.50000000 | cancelled |                               | 2026-06-10 23:21:51.088+02 | no                    |                     |                                                      | no                    |       |          |               | 
 14679 | WLFI/USDT:USDT             | long      |     0.05500000 |     0.05400000 |     0.06413000 | expired   |                               | 2026-06-10 21:04:18.606+02 | no                    |                     |                                                      | no                    |       |          |               | 
 14678 | XAU/USDT:USDT              | long      |  4098.74200000 |  4000.00000000 |  4200.00000000 | closed    | 2026-06-10 21:11:00+02        | 2026-06-10 21:04:18.596+02 | no                    |                     |                                                      | no                    |       |          |               | 
 14677 | US30/USDT:USDT             | long      | 50313.00000000 | 50198.10000000 | 50762.40000000 | closed    | 2026-06-10 21:20:00+02        | 2026-06-10 21:02:53.872+02 | no                    |                     |                                                      | no                    |       |          |               | 
 14671 | ONDO/USDT:USDT             | long      |     0.35000000 |     0.34750000 |     0.38720000 | closed    | 2026-06-09 18:55:00+02        | 2026-06-09 18:53:40.74+02  | no                    |                     |                                                      | no                    |       |          |               | 
 14670 | HYPE/USDT:USDT             | long      |    57.65400000 |    50.44500000 |    67.97300000 | closed    | 2026-06-10 00:05:00+02        | 2026-06-09 18:53:33.72+02  | no                    |                     |                                                      | no                    |       |          |               | 
 14669 | RENDER/USDT:USDT           | long      |     1.40800000 |     1.29700000 |     1.72600000 | expired   |                               | 2026-06-09 18:53:29.114+02 | no                    |                     |                                                      | no                    |       |          |               | 
 14666 | WLFI/USDT:USDT             | short     |     0.05514000 |     0.05820000 |     0.05000000 | closed    | 2026-06-09 18:59:00+02        | 2026-06-09 18:48:46.561+02 | no                    |                     |                                                      | no                    |       |          |               | 
 14665 | AERO/USDT:USDT             | long      |     0.32400000 |     0.32070000 |     0.33820000 | expired   |                               | 2026-06-09 18:48:45.238+02 | no                    |                     |                                                      | no                    |       |          |               | 
 14664 | MSTR/USDT:USDT             | short     |   115.83000000 |   154.96000000 |    80.00000000 | open      | 2026-06-09 18:47:00+02        | 2026-06-09 18:46:32.302+02 | no                    |                     |                                                      | no                    |       |          |               | 
 14663 | AAPL/USDT:USDT             | long      |   283.00000000 |   277.14000000 |   304.19000000 | expired   |                               | 2026-06-09 18:46:27.76+02  | no                    |                     |                                                      | no                    |       |          |               | 
 14662 | US30/USDT:USDT             | short     | 51293.90000000 | 51380.00000000 | 50920.00000000 | closed    | 2026-06-12 13:14:00+02        | 2026-06-09 18:44:47.937+02 | no                    |                     |                                                      | no                    |       |          |               | 
 14661 | BTC/USDT:USDT              | long      | 61068.40000000 | 60877.00000000 | 66802.00000000 | closed    | 2026-06-10 11:14:00+02        | 2026-06-09 18:44:30.826+02 | no                    |                     |                                                      | no                    |       |          |               | 
 14660 | BTC/USDT:USDT              | long      | 60239.40000000 | 57695.40000000 | 69575.20000000 | expired   |                               | 2026-06-09 18:44:30.703+02 | no                    |                     |                                                      | no                    |       |          |               | 
 14639 | BRETT/USDT:USDT            | short     |     0.00597900 |     0.00606800 |     0.00490000 | closed    | 2026-06-11 06:03:00+02        | 2026-06-08 19:21:08.236+02 | no                    |                     |                                                      | no                    |       |          |               | 
 14638 | NEAR/USDT:USDT             | short     |     2.22500000 |     2.37800000 |     1.77100000 | closed    | 2026-06-09 22:00:00+02        | 2026-06-08 19:07:28.826+02 | no                    |                     |                                                      | no                    |       |          |               | 
 14637 | TON/USDT:USDT              | long      |     1.74820000 |     1.70000000 |     1.96000000 | closed    | 2026-06-08 19:08:00+02        | 2026-06-08 19:07:09.233+02 | no                    |                     |                                                      | no                    |       |          |               | 
 14636 | VIRTUAL/USDT:USDT          | long      |     0.53870000 |     0.51910000 |     0.65000000 | closed    | 2026-06-10 23:13:00+02        | 2026-06-08 19:06:49.288+02 | no                    |                     |                                                      | no                    |       |          |               | 
 14635 | ONDO/USDT:USDT             | short     |     0.36310000 |     0.39520000 |     0.31300000 | closed    | 2026-06-09 02:11:00+02        | 2026-06-08 19:06:26.541+02 | no                    |                     |                                                      | no                    |       |          |               | 
 14634 | ETH/USDT:USDT              | long      |  1502.39000000 |  1367.61000000 |  2444.11000000 | expired   |                               | 2026-06-08 19:02:59.37+02  | no                    |                     |                                                      | no                    |       |          |               | 
 14633 | SOLBTC/USDT                | long      |     0.00105460 |                |     0.00128400 | cancelled |                               | 2026-06-08 19:02:47.599+02 | no                    |                     |                                                      | no                    |       |          |               | 
 14632 | SOL/USDT:USDT-260531-90-P  | short     |    74.93000000 |    77.50000000 |    56.00000000 | open      | 2026-06-15 17:47:00+02        | 2026-06-08 19:02:02.828+02 | no                    |                     |                                                      | no                    |       |          |               | 
 14629 | XAU/USDT:USDT              | long      |  4344.06000000 |  4274.87800000 |  4415.01600000 | closed    | 2026-06-08 19:00:00+02        | 2026-06-08 18:54:53.766+02 | no                    |                     |                                                      | no                    |       |          |               | 
 14628 | US30/USDT:USDT             | long      | 50375.70000000 | 50300.70000000 | 50797.70000000 | closed    | 2026-06-09 17:31:00+02        | 2026-06-08 18:54:14.743+02 | no                    |                     |                                                      | no                    |       |          |               | 
 14627 | MSFT/USDT:USDT             | long      |   412.08000000 |   405.06000000 |   553.98000000 | closed    | 2026-06-08 20:02:00+02        | 2026-06-08 18:51:38.368+02 | no                    |                     |                                                      | no                    |       |          |               | 
 14626 | STRC/USDT                  | short     |    98.69000000 |    99.16000000 |                | cancelled |                               | 2026-06-08 18:51:21.748+02 | no                    |                     |                                                      | no                    |       |          |               | 
 14625 | MSTR/USDT:USDT             | long      |    80.00000000 |    50.00000000 |   155.17000000 | expired   |                               | 2026-06-08 18:50:40.468+02 | no                    |                     |                                                      | no                    |       |          |               | 
 14624 | USO/USDT:USDT              | short     |    99.08700000 |    99.94600000 |    88.56000000 | expired   |                               | 2026-06-08 18:47:08.874+02 | no                    |                     |                                                      | no                    |       |          |               | 
 14588 | XAU/USDT:USDT              | long      |  4328.92000000 |  4200.00000000 |  4791.71000000 | closed    | 2026-06-08 00:00:00+02        | 2026-06-07 23:51:07.772+02 | no                    |                     |                                                      | no                    |       |          |               | 
 14512 | BNB/USDT:USDT              | long      |   658.09000000 |                |                | open      | 2026-06-02 21:02:00+02        | 2026-06-02 18:45:27.197+02 | no                    |                     |                                                      | no                    |       |          |               | 
 14451 | VIRTUAL/USDT:USDT          | long      |     0.68440000 |     0.66500000 |                | closed    | 2026-06-04 03:58:00+02        | 2026-06-01 19:16:57.738+02 | no                    |                     |                                                      | no                    |       |          |               | 
 14444 | XAU/USDT:USDT              | long      |  4393.79800000 |  4374.55400000 |  4520.15200000 | closed    | 2026-06-05 15:37:00+02        | 2026-06-01 19:00:12.322+02 | no                    |                     |                                                      | no                    |       |          |               | 
(78 rows)

